index_id,organization,tier,evidence_focus,source_url,kind,homepage,group,country,state,source_kind
001,Associated Press,A,Direct de-indexing policy,https://www.ap.org/contact-us/minor-crimes/,wire,https://apnews.com/,,US,,own_publication
002,Atlanta Journal-Constitution,A,Search-suppression review,https://help.ajc.com/hc/en-us/articles/28334534543639-Request-to-Remove-Content,newspaper,https://www.ajc.com/,,US,GA,own_publication
003,Bangor Daily News,A,Direct de-indexing policy,https://www.bangordailynews.com/2021/01/25/news/were-changing-our-policy-on-old-crime-stories/,newspaper,https://www.bangordailynews.com/,,US,ME,own_publication
004,Boston.com,A,Direct de-indexing policy,https://www.boston.com/fresh-start-submit-your-appeal/,digital,https://www.boston.com/,Boston Globe Media,US,MA,own_publication
005,Chicago Sun-Times,A,Direct de-indexing policy,https://chicago.suntimes.com/right-to-be-forgotten-policy,newspaper,https://chicago.suntimes.com/,,US,IL,own_publication
006,cleveland.com,A,Right-to-be-forgotten review,https://www.pressclubinstitute.org/2020/07/01/we-were-the-source-of-their-suffering-how-one-newsroom-lets-stories-be-forgotten/,digital,https://www.cleveland.com/,Advance Local,US,OH,secondary_report
007,Idaho Statesman,A,Clean Slate / reviewed changes,https://www.idahostatesman.com/news/local/crime/article265169681.html,newspaper,https://www.idahostatesman.com/,McClatchy,US,ID,own_publication
008,LehighValleyLive.com,A,Removal review committee,https://form.jotform.com/211624793262153,digital,https://www.lehighvalleylive.com/,Advance Local,US,PA,request_form
009,Lexington Herald-Leader,A,Clean Slate / reviewed changes,https://www.kentucky.com/opinion/editorials/article250720789.html,newspaper,https://www.kentucky.com/,McClatchy,US,KY,own_publication
010,NBC 4 New York,A,Shared digital-removal standards,https://www.nbcnewyork.com/news/local/nbc-4-new-york-news-standards-and-publishing-principles/4248399/,broadcast,https://www.nbcnewyork.com/,NBCUniversal Local,US,NY,own_publication
011,NBC 6 South Florida,A,Shared digital-removal standards,https://www.nbcmiami.com/news/local/nbc-6-south-florida-news-standards-and-publishing-principles/3016084/,broadcast,https://www.nbcmiami.com/,NBCUniversal Local,US,FL,own_publication
012,NBC 7 San Diego,A,Shared digital-removal standards,https://www.nbcsandiego.com/news/local/nbc-san-diego-news-standards-and-publishing-principles/3217246/,broadcast,https://www.nbcsandiego.com/,NBCUniversal Local,US,CA,own_publication
013,NBC Bay Area,A,Shared digital-removal standards,https://www.nbcbayarea.com/news/local/nbc-bay-area-news-standards-and-publishing-principles/3216064/,broadcast,https://www.nbcbayarea.com/,NBCUniversal Local,US,CA,own_publication
014,NBC Chicago,A,Shared digital-removal standards,https://www.nbcchicago.com/news/local/nbc-chicago-news-standards-and-publishing-principles/3069505/,broadcast,https://www.nbcchicago.com/,NBCUniversal Local,US,IL,own_publication
015,NBC Connecticut,A,Shared digital-removal standards,https://www.nbcconnecticut.com/news/local/nbc-connecticut-news-standards-and-publishing-principles/3021868/,broadcast,https://www.nbcconnecticut.com/,NBCUniversal Local,US,CT,own_publication
016,NBC DFW,A,Shared digital-removal standards,https://www.nbcdfw.com/news/local/nbc-dfw-news-standards-and-publishing-principles/3245605/,broadcast,https://www.nbcdfw.com/,NBCUniversal Local,US,TX,own_publication
017,NBC Los Angeles,A,Shared digital-removal standards,https://www.nbclosangeles.com/news/local/nbc-los-angeles-news-standards-and-publishing-principles/3143345/,broadcast,https://www.nbclosangeles.com/,NBCUniversal Local,US,CA,own_publication
018,NBC Sports Boston,A,Shared NBC group standards,https://www.nbcboston.com/news/local/nbc10-boston-news-standards-and-publishing-principles/3023689/,broadcast,https://www.nbcsportsboston.com/,NBCUniversal Local,US,MA,group_standards
019,NBC Sports Philadelphia,A,Shared NBC group standards,https://www.nbcphiladelphia.com/news/local/nbc10-philadelphia-news-standards-and-publishing-principles/3547162/,broadcast,https://www.nbcsportsphiladelphia.com/,NBCUniversal Local,US,PA,group_standards
020,NBC10 Boston,A,Shared digital-removal standards,https://www.nbcboston.com/news/local/nbc10-boston-news-standards-and-publishing-principles/3023689/,broadcast,https://www.nbcboston.com/,NBCUniversal Local,US,MA,own_publication
021,NBC10 Philadelphia,A,Shared digital-removal standards,https://www.nbcphiladelphia.com/news/local/nbc10-philadelphia-news-standards-and-publishing-principles/3547162/,broadcast,https://www.nbcphiladelphia.com/,NBCUniversal Local,US,PA,own_publication
022,NBC4 Washington,A,Shared digital-removal standards,https://www.nbcwashington.com/news/local/nbc4-washington-news-standards-and-publishing-principles/3337684/,broadcast,https://www.nbcwashington.com/,NBCUniversal Local,US,DC,own_publication
023,NECN,A,Shared NBC group standards,https://www.nbcboston.com/news/local/nbc10-boston-news-standards-and-publishing-principles/3023689/,broadcast,https://www.necn.com/,NBCUniversal Local,US,MA,group_standards
024,News4JAX / WJXT,A,Article-removal process,https://help.news4jax.com/kb/article/325-how-do-i-request-removal-of-a-news-article-from-news4jaxcom/,broadcast,https://www.news4jax.com/,,US,FL,own_publication
025,NewsChannel 5 Nashville / WTVF,A,Fresh Start review,https://www.newschannel5.com/news/newschannel-5-initiative-removes-old-articles-to-offer-you-a-fresh-start,broadcast,https://www.newschannel5.com/,,US,TN,own_publication
026,NJ.com,A,Removal review committee,https://form.jotform.com/211624793262153,digital,https://www.nj.com/,Advance Local,US,NJ,request_form
027,OregonLive.com,A,Clean Slate / reviewed changes,https://www.theguardian.com/us-news/2025/jan/04/newspaper-crime-stories,digital,https://www.oregonlive.com/,Advance Local,US,OR,secondary_report
028,Telemundo 39,A,Shared NBC group standards,https://www.nbcdfw.com/news/local/nbc-dfw-news-standards-and-publishing-principles/3245605/,broadcast,https://www.telemundodallas.com/,NBCUniversal Local,US,TX,group_standards
029,Telemundo 44,A,Shared NBC group standards,https://www.nbcwashington.com/news/local/nbc4-washington-news-standards-and-publishing-principles/3337684/,broadcast,https://www.telemundowashingtondc.com/,NBCUniversal Local,US,DC,group_standards
030,Telemundo 47,A,Shared NBC group standards,https://www.nbcnewyork.com/news/local/nbc-4-new-york-news-standards-and-publishing-principles/4248399/,broadcast,https://www.telemundo47.com/,NBCUniversal Local,US,NY,group_standards
031,Telemundo 52,A,Shared NBC group standards,https://www.nbclosangeles.com/news/local/nbc-los-angeles-news-standards-and-publishing-principles/3143345/,broadcast,https://www.telemundo52.com/,NBCUniversal Local,US,CA,group_standards
032,Telemundo 62,A,Shared NBC group standards,https://www.nbcphiladelphia.com/news/local/nbc10-philadelphia-news-standards-and-publishing-principles/3547162/,broadcast,https://www.telemundo62.com/,NBCUniversal Local,US,PA,group_standards
033,Telemundo Nueva Inglaterra,A,Shared NBC group standards,https://www.nbcboston.com/news/local/nbc10-boston-news-standards-and-publishing-principles/3023689/,broadcast,https://www.telemundonuevainglaterra.com/,NBCUniversal Local,US,MA,group_standards
034,Telemundo San Diego,A,Shared NBC group standards,https://www.nbcsandiego.com/news/local/nbc-san-diego-news-standards-and-publishing-principles/3217246/,broadcast,https://www.telemundo20.com/,NBCUniversal Local,US,CA,group_standards
035,The Boston Globe,A,Direct de-indexing policy,https://www.bostonglobe.com/2021/01/22/metro/globes-fresh-start-initiative-frequently-asked-questions/,newspaper,https://www.bostonglobe.com/,Boston Globe Media,US,MA,own_publication
036,The Oregonian,A,Clean Slate / reviewed changes,https://www.theguardian.com/us-news/2025/jan/04/newspaper-crime-stories,newspaper,https://www.oregonlive.com/,Advance Local,US,OR,secondary_report
037,The Philadelphia Inquirer,A,Direct de-indexing policy,https://www.inquirer.com/about/inq2/up-for-review-inquirer-policy-20230201.html,newspaper,https://www.inquirer.com/,,US,PA,own_publication
038,The Plain Dealer,A,Right-to-be-forgotten review,https://www.pressclubinstitute.org/2020/07/01/we-were-the-source-of-their-suffering-how-one-newsroom-lets-stories-be-forgotten/,newspaper,https://www.cleveland.com/,Advance Local,US,OH,secondary_report
039,The Sacramento Bee,A,Clean Slate / reviewed changes,https://www.sacbee.com/news/local/article257776293.html,newspaper,https://www.sacbee.com/,McClatchy,US,CA,own_publication
040,WCBU Peoria Public Radio,A,Right-to-be-forgotten review,https://www.wcbu.org/public-safety-reporting-policy,broadcast,https://www.wcbu.org/,,US,IL,own_publication
041,WGLT,A,Right-to-be-forgotten review,https://www.wglt.org/public-safety-reporting-policy,broadcast,https://www.wglt.org/,,US,IL,own_publication
042,McClatchy,A,Clean Slate / reviewed changes,https://www.idahostatesman.com/news/local/crime/article265169681.html,group,https://www.mcclatchy.com/,McClatchy,US,,secondary_report
043,Annenberg Media (USC),A,Student-media review or precedent,https://www.uscannenbergmedia.com/2021/10/27/annenberg-media-introduces-new-policy-for-revisiting-published-stories/,student_college,https://www.uscannenbergmedia.com/,,US,CA,own_publication
044,Tahoma Times,A,Student-media review or precedent,https://tahomatimes.github.io/ethical-journalism-at-the-tahoma-times/,scholastic,https://tahomatimes.github.io/,,US,WA,own_publication
045,The Crest,A,Student-media review or precedent,https://thecrest.news/unpublishing-policy/,scholastic,https://thecrest.news/,,US,,own_publication
046,The Daily Tar Heel,A,Student-media review or precedent,https://niemanreports.org/campus-newspapers-student-journalists-trump-editorial-policies-free-speech/,student_college,https://www.dailytarheel.com/,,US,NC,secondary_report
047,The Exponent,A,Student-media review or precedent,https://niemanreports.org/campus-newspapers-student-journalists-trump-editorial-policies-free-speech/,student_college,https://www.purdueexponent.org/,,US,IN,secondary_report
048,The Gateway,A,Student-media review or precedent,https://thegatewayonline.ca/gsjs/,student_college,https://thegatewayonline.ca/,,CA,,own_publication
049,The Huntington News,A,Student-media review or precedent,https://niemanreports.org/campus-newspapers-student-journalists-trump-editorial-policies-free-speech/,student_college,https://huntnewsnu.com/,,US,MA,secondary_report
050,The Martlet,A,Student-media review or precedent,https://martlet.ca/martlet.ca/uploads/2022/10/UnpublishingPolicy2022.pdf,student_college,https://martlet.ca/,,CA,,own_publication
051,The Michigan Daily,A,Student-media review or precedent,https://niemanreports.org/campus-newspapers-student-journalists-trump-editorial-policies-free-speech/,student_college,https://www.michigandaily.com/,,US,MI,secondary_report
052,The Stanford Daily,A,Student-media review or precedent,https://stanforddaily.com/2025/04/17/gsc-questions-the-daily-on-free-speech-policies-and-source-anonymity/,student_college,https://stanforddaily.com/,,US,CA,own_publication
053,The Whitworthian,A,Student-media review or precedent,https://thewhitworthian.news/policies/,student_college,https://thewhitworthian.news/,,US,WA,own_publication
054,Associated Collegiate Press,A,Student-media review or precedent,https://splc.org/2025/04/student-media-groups-warn-of-unprecedented-threats/,standards_org,https://studentpress.org/acp/,,US,,secondary_report
055,Chicago Headline Club,A,Ethics / archive guidance,https://headlineclub.org/2020/09/09/ethics-quiz-answers/,standards_org,https://headlineclub.org/,,US,IL,own_publication
056,College Media Association,A,Student-media review or precedent,https://splc.org/2025/04/student-media-groups-warn-of-unprecedented-threats/,standards_org,https://www.collegemedia.org/,,US,,secondary_report
057,Donald W. Reynolds Journalism Institute,A,Policy research / review practices,https://rjionline.org/innovation/new-initiative-aims-to-help-journalists-address-the-unpublishing-dilemma/,standards_org,https://rjionline.org/,,US,MO,own_publication
058,Ethics AdviceLine for Journalists,A,Ethics / archive guidance,https://ethicsadvicelineforjournalists.org/2015/06/24/removing-negative-news/,standards_org,https://ethicsadvicelineforjournalists.org/,,US,IL,own_publication
059,Journalism Education Association,A,Student-media review or precedent,https://splc.org/2025/04/student-media-groups-warn-of-unprecedented-threats/,standards_org,https://jea.org/,,US,,secondary_report
060,National Press Club Journalism Institute,A,Right-to-be-forgotten review,https://www.pressclubinstitute.org/2020/07/01/we-were-the-source-of-their-suffering-how-one-newsroom-lets-stories-be-forgotten/,standards_org,https://www.pressclubinstitute.org/,,US,DC,own_publication
061,National Scholastic Press Association,A,Student-media review or precedent,https://splc.org/2025/04/student-media-groups-warn-of-unprecedented-threats/,standards_org,https://studentpress.org/nspa/,,US,,secondary_report
062,News Leaders Association,A,De-indexing discussed as remedy,https://www.newsleaders.org/nla-updates/recap-crime-mugshot-and-takedown-requests,standards_org,https://www.newsleaders.org/,,US,,own_publication
063,Online News Association,A,Explicit de-indexing guidance,https://ethics.journalists.org/topics/removing-material-from-your-archives/,standards_org,https://journalists.org/,,US,,own_publication
064,Poynter Institute,A,Unpublishing policies / ethics,https://www.poynter.org/newsletters/2021/how-student-newsrooms-can-set-a-framework-for-requests-to-update-old-stories/,standards_org,https://www.poynter.org/,,US,FL,own_publication
065,Quill & Scroll,A,Student-media review or precedent,https://splc.org/2025/04/student-media-groups-warn-of-unprecedented-threats/,standards_org,https://quillandscroll.org/,,US,,secondary_report
066,Radio Television Digital News Association,A,Explicit de-indexing guidance,https://www.rtdna.org/covering-crime,standards_org,https://www.rtdna.org/,,US,,own_publication
067,Student Press Law Center,A,Student-media review or precedent,https://splc.org/2025/04/student-media-groups-warn-of-unprecedented-threats/,standards_org,https://splc.org/,,US,,own_publication
068,University of Wisconsin-Madison journalism researchers / Journalism Practice,A,Academic research on removal,https://www.tandfonline.com/doi/full/10.1080/17512786.2026.2705300,research,,,US,WI,secondary_report
069,Aspen Times,B,Right-to-be-forgotten review,https://dailycoloradonews.com/aspen-times-editorial-the-aspen-times-joins-the-right-to-be-forgotten-movement-in-its-coverage-of-crime-old-and-new/,newspaper,https://www.aspentimes.com/,Colorado Mountain News Media,US,CO,secondary_report
070,BBC,B,Exception-based removal guidance,https://downloads.bbc.co.uk/guidelines/editorialguidelines/pdfs/2015-removal-online-content.pdf,broadcast,https://www.bbc.co.uk/,,GB,,own_publication
071,Buckrail,B,Takedown consideration,https://buckrail.com/ethics-policy/,digital,https://buckrail.com/,,US,WY,own_publication
072,Chattanooga Times Free Press,B,Unpublishing committee,https://rjionline.org/best-practices/rji-fellowship-to-help-newsrooms-handle-unpublishing-requests-ethically-and-practically/,newspaper,https://www.timesfreepress.com/,,US,TN,secondary_report
073,Oakland Voices,B,Post-publication changes,https://oaklandvoices.us/about/policies/correction/,digital,https://oaklandvoices.us/,,US,CA,own_publication
074,Petaluma Argus-Courier,B,Later legal follow-up,https://www.petaluma360.com/article/news/police-log-sept-27-to-oct-3/,newspaper,https://www.petaluma360.com/,,US,CA,own_publication
075,Pittsburgh Post-Gazette,B,Exceptional unpublishing,https://newsinteractive.post-gazette.com/stylebook/correction-policy.html,newspaper,https://www.post-gazette.com/,,US,PA,own_publication
076,San Diego Magazine,B,Old-story update review,https://sandiegomagazine.com/ethics-and-corrections/editorial-ethics-corrections-policy/,newspaper,https://sandiegomagazine.com/,,US,CA,own_publication
077,San Diego Union-Tribune,B,Removal / redaction review,https://www.sandiegouniontribune.com/about/,newspaper,https://www.sandiegouniontribune.com/,,US,CA,own_publication
078,Southeast Missourian,B,Formal review process,https://rjionline.org/procedures/a-streamlined-unpublishing-process-is-as-important-as-thoughtful-policy/,newspaper,https://www.semissourian.com/,,US,MO,secondary_report
079,The Gazette (Cedar Rapids),B,Formal review process,https://rjionline.org/procedures/a-streamlined-unpublishing-process-is-as-important-as-thoughtful-policy/,newspaper,https://www.thegazette.com/,,US,IA,secondary_report
080,Colorado Mountain News Media,B,Right-to-be-forgotten review,https://dailycoloradonews.com/aspen-times-editorial-the-aspen-times-joins-the-right-to-be-forgotten-movement-in-its-coverage-of-crime-old-and-new/,group,https://www.aspentimes.com/,Colorado Mountain News Media,US,CO,secondary_report
081,Maine Trust for Local News,B,Takedown consideration,https://www.metln.org/metln-ethics-policies/,group,https://www.metln.org/,,US,ME,own_publication
082,Columbia Missourian,B,Student/public-media policy work,https://rjionline.org/fellowships/rji-fellows-reflect-on-eight-month-projects-what-theyve-learned-and-how-the-industry-can-benefit/,newspaper,https://www.columbiamissourian.com/,,US,MO,secondary_report
083,KOMU-TV,B,Student/public-media policy work,https://rjionline.org/fellowships/rji-fellows-reflect-on-eight-month-projects-what-theyve-learned-and-how-the-industry-can-benefit/,broadcast,https://www.komu.com/,,US,MO,secondary_report
084,WUFT,B,De-indexing among options,https://www.wuft.org/editorial-policies,broadcast,https://www.wuft.org/,,US,FL,own_publication
085,CatlinSpeak,B,Student-media review or precedent,https://catlinspeak-configuration.squarespace.com/new-page,scholastic,https://catlinspeak.com/,,US,OR,secondary_report
086,Columbia Daily Spectator,B,Student-media review or precedent,https://niemanreports.org/campus-newspapers-student-journalists-trump-editorial-policies-free-speech/,student_college,https://www.columbiaspectator.com/,,US,NY,secondary_report
087,Daily Collegian,B,Student-media review or precedent,https://www.imediaethics.org/should-campus-newspapers-delete-student-petty-crimes-stories-a-case-study-of-ten-college-newspapers/2/,student_college,,,US,,secondary_report
088,eSomethin,B,Student-media review or precedent,https://esomethin.com/about-us/policies/,scholastic,https://esomethin.com/,,US,,own_publication
089,Grand Center Arts Academy student media,B,Student-media review or precedent,https://bradleywilsononline.net/wp-content/uploads/2020/08/Take-Down-Pages-from-53_1_f19_CJET.pdf,scholastic,,,US,MO,secondary_report
090,Indiana Daily Student,B,Student-media review or precedent,https://www.imediaethics.org/should-campus-newspapers-delete-student-petty-crimes-stories-a-case-study-of-ten-college-newspapers/2/,student_college,https://www.idsnews.com/,,US,IN,secondary_report
091,Marian Network Student Newspaper,B,Student-media review or precedent,https://mariandigitalnetwork.com/2017/08/21/online-publication-policies/,scholastic,https://mariandigitalnetwork.com/,,US,,own_publication
092,Minnesota Daily,B,Student-media review or precedent,https://www.imediaethics.org/should-campus-newspapers-delete-student-petty-crimes-stories-a-case-study-of-ten-college-newspapers/2/,student_college,https://mndaily.com/,,US,MN,secondary_report
093,The Carillon,B,Student-media review or precedent,https://carillonregina.com/wp-content/uploads/2023/01/Unpublishing-Policy-2023.pdf,student_college,https://carillonregina.com/,,CA,,own_publication
094,The Commonwealth Times,B,Student-media review or precedent,https://commonwealthtimes.org/about-us/,student_college,https://commonwealthtimes.org/,,US,VA,own_publication
095,The Daily (University of Washington),B,Student-media review or precedent,https://www.imediaethics.org/should-campus-newspapers-delete-student-petty-crimes-stories-a-case-study-of-ten-college-newspapers/2/,student_college,https://www.dailyuw.com/,,US,WA,secondary_report
096,The Daily Illini,B,Student-media review or precedent,https://splc.org/2016/05/erasing-the-narrative/,student_college,https://dailyillini.com/,,US,IL,secondary_report
097,The Daily Iowan,B,Student-media review or precedent,https://www.imediaethics.org/should-campus-newspapers-delete-student-petty-crimes-stories-a-case-study-of-ten-college-newspapers/,student_college,https://dailyiowan.com/,,US,IA,secondary_report
098,The Daily Northwestern,B,Student-media review or precedent,https://www.imediaethics.org/northwestern-student-newspaper-apologizes-for-photos-of-public-protest/,student_college,https://dailynorthwestern.com/,,US,IL,secondary_report
099,The Daily Pennsylvanian,B,Student-media review or precedent,https://www.thedp.com/page/ethics-policy,student_college,https://www.thedp.com/,,US,PA,own_publication
100,The Daily Texan,B,Student-media review or precedent,https://www.imediaethics.org/should-campus-newspapers-delete-student-petty-crimes-stories-a-case-study-of-ten-college-newspapers/2/,student_college,https://thedailytexan.com/,,US,TX,secondary_report
101,The Harvard Crimson,B,Student-media review or precedent,https://www.cjr.org/analysis/student-journalists-censorship-protests-takedown-requests.php,student_college,https://www.thecrimson.com/,,US,MA,secondary_report
102,The Independent Florida Alligator,B,Student-media review or precedent,https://www.imediaethics.org/should-campus-newspapers-delete-student-petty-crimes-stories-a-case-study-of-ten-college-newspapers/2/,student_college,https://www.alligator.org/,,US,FL,secondary_report
103,The Lantern,B,Student-media review or precedent,https://www.imediaethics.org/should-campus-newspapers-delete-student-petty-crimes-stories-a-case-study-of-ten-college-newspapers/2/,student_college,https://www.thelantern.com/,,US,OH,secondary_report
104,The Nevada Sagebrush,B,Student-media review or precedent,https://splc.org/2016/05/erasing-the-narrative/,student_college,https://www.nevadasagebrush.com/,,US,NV,secondary_report
105,The Oracle,B,Student-media review or precedent,https://www.imediaethics.org/should-campus-newspapers-delete-student-petty-crimes-stories-a-case-study-of-ten-college-newspapers/2/,student_college,https://www.usforacle.com/,,US,FL,secondary_report
106,The Paly Voice,B,Student-media review or precedent,https://palyvoice.com/policies/,scholastic,https://palyvoice.com/,,US,CA,own_publication
107,The Peak,B,Student-media review or precedent,https://the-peak.ca/policy-2/,student_college,https://the-peak.ca/,,CA,,own_publication
108,The State News,B,Student-media review or precedent,https://www.imediaethics.org/should-campus-newspapers-delete-student-petty-crimes-stories-a-case-study-of-ten-college-newspapers/2/,student_college,https://statenews.com/,,US,MI,secondary_report
109,The State Press,B,Student-media review or precedent,https://www.imediaethics.org/should-campus-newspapers-delete-student-petty-crimes-stories-a-case-study-of-ten-college-newspapers/2/,student_college,https://www.statepress.com/,,US,AZ,secondary_report
110,The Ubyssey,B,Student-media review or precedent,https://ubyssey.ca/opinion/letter-from-the-editor-transparency-202122/,student_college,https://ubyssey.ca/,,CA,,own_publication
111,Washington Square News,B,Student-media review or precedent,https://niemanreports.org/student-journalists-press-freedom-splc/,student_college,https://nyunews.com/,,US,NY,secondary_report
112,Western Gazette,B,Student-media review or precedent,https://www.uwo.ca/univsec/pdf/board/minutes/2013/a13Apr25bg.pdf,student_college,https://westerngazette.ca/,,CA,,secondary_report
113,CSUSB Student Newspaper Digital Archive,B,Student-media review or precedent,https://scholarworks.lib.csusb.edu/campus-newspaper/policies.html,research,,,US,CA,secondary_report
114,The Lumberjack / Cal Poly Humboldt student newspaper archive,B,Student-media review or precedent,https://digitalcommons.humboldt.edu/studentnewspaper/,research,,,US,CA,secondary_report
115,Associated Press Managing Editors Online Credibility Project,B,"Industry survey (APME report, rehosted)",https://canadianmedialawyers.com/wp-content/uploads/2019/06/Kathy_English_-_The_Longtail_of_News_-_To_Unpublish_or_Not_to_Unpublish.pdf,standards_org,,,US,,own_publication
116,Canadian Association of Journalists,B,Unpublishing policies / ethics,https://caj.ca/fr/the-ethics-of-unpublishing/,standards_org,https://caj.ca/,,CA,,own_publication
117,Columbia Journalism Review,B,Industry reporting; context,https://www.cjr.org/special_report/right-to-be-forgotten.php,reporting_outlet,https://www.cjr.org/,,US,,own_publication
118,Nieman Journalism Lab,B,Industry trend research,https://www.niemanlab.org/2021/01/is-unpublishing-old-crime-stories-orwellian-or-empathetic-the-boston-globe-is-offering-past-story-subjects-a-fresh-start/,reporting_outlet,https://www.niemanlab.org/,,US,,own_publication
119,Nieman Reports,B,Industry reporting; context,https://niemanreports.org/campus-newspapers-student-journalists-trump-editorial-policies-free-speech/,reporting_outlet,https://niemanreports.org/,,US,,own_publication
120,ONA Student Newsroom,B,Student-media review or precedent,https://newsroom.journalists.org/2021/06/25/when-to-unpublish-everyone-is-entitled-to-a-fresh-start/,standards_org,https://journalists.org/,,US,,own_publication
121,Society of Professional Journalists,B,Minimize harm; provide context,https://www.spj.org/spj-code-of-ethics/,standards_org,https://www.spj.org/,,US,,own_publication
122,Trusting News,B,Transparency / review policy,https://trustingnews.org/trust-tip-41-have-a-clear-policy-about-unpublishing-stories/,standards_org,https://trustingnews.org/,,US,,own_publication
123,"Center for Media Engagement, University of Texas at Austin",B,Research on unpublishing ethics,https://mediaengagement.org/wp-content/uploads/2021/12/116-Unpublishing-the-News-Case-Study.pdf,research,https://mediaengagement.org/,,US,TX,own_publication
124,University of Florida College of Journalism and Communications,B,Academic research on removal,https://www.jou.ufl.edu/insights/truth-news/,research,https://www.jou.ufl.edu/,,US,FL,own_publication
125,Christian Science Monitor,C,Industry reporting; context,https://www.csmonitor.com/layout/set/amphtml/USA/Society/2021/0208/Papers-rethink-past-crime-reporting-Fresh-start-or-a-cover-up,reporting_outlet,https://www.csmonitor.com/,,US,,own_publication
126,GBH / NPR,C,Industry reporting; context,https://www.wgbh.org/news/national/2021-02-24/from-cleveland-to-boston-newsrooms-revisit-old-stories-to-offer-a-fresh-start,reporting_outlet,https://www.wgbh.org/,,US,MA,own_publication
127,Reuters,C,Correction and update standards,https://reutersagency.com/about/standards-values/,wire,https://www.reuters.com/,,US,,own_publication
128,The Guardian,C,Industry reporting; context,https://www.theguardian.com/us-news/2025/jan/04/newspaper-crime-stories,reporting_outlet,https://www.theguardian.com/,,GB,,own_publication
129,The Washington Post,C,Industry reporting; context,https://www.washingtonpost.com/lifestyle/media/old-arrest-boston-globe-fresh-start/2021/01/22/122cbd0c-5cd1-11eb-b8bd-ee36b1cd18bf_story.html,reporting_outlet,https://www.washingtonpost.com/,,US,DC,own_publication
130,Niles West News,C,Student-media review or precedent,https://splc.org/2016/05/erasing-the-narrative/,scholastic,https://nileswestnews.org/,,US,IL,secondary_report
S62,UCLA Daily Bruin,A,Its Community Guide expressly states that certain crime stories may be de-indexe,https://www.dailybruin.com/the-daily-bruin-community-guide,student_college,https://www.dailybruin.com/,,US,CA,own_publication
