index_id,organization,tier,kind,source_kind,group_name,country,primary_url,status,status_note,source_list,entity_id,supportive,adverse,neutral,best_supportive,best_supportive_acquisition
001,Associated Press,A,wire,own_publication,,US,https://www.ap.org/contact-us/minor-crimes/,sources_found,3 substantive excerpt(s) about the organization in run precedents-e5e960ee3e3a,Easterner evidence index v6,2647,2,1,0,"In those cases, the AP would also request that Google “deindex” the stories, removing them from its search results.",live
002,Atlanta Journal-Constitution,A,newspaper,own_publication,,US,https://help.ajc.com/hc/en-us/articles/28334534543639-Request-to-Remove-Content,sources_found,9 substantive excerpt(s) about the organization in run precedents-e5e960ee3e3a,Easterner evidence index v6,2648,3,1,5,"Under limited circumstances, we will consider updating or removing older content from active pages on ajc.com so that it is no longer searchable outside of our archives.",archive
003,Bangor Daily News,A,newspaper,own_publication,,US,https://www.bangordailynews.com/2021/01/25/news/were-changing-our-policy-on-old-crime-stories/,sources_found,5 substantive excerpt(s) about the organization in run precedents-e5e960ee3e3a,Easterner evidence index v6,2649,1,2,2,"Wherever possible, we will remove the original social media posts promoting the stories.",live
004,Boston.com,A,digital,own_publication,Boston Globe Media,US,https://www.boston.com/fresh-start-submit-your-appeal/,sources_found,3 substantive excerpt(s) about the organization in run precedents-e5e960ee3e3a,Easterner evidence index v6,2650,0,0,3,,
005,Chicago Sun-Times,A,newspaper,own_publication,,US,https://chicago.suntimes.com/right-to-be-forgotten-policy,sources_found,2 substantive excerpt(s) about the organization in run precedents-e5e960ee3e3a,Easterner evidence index v6,2651,1,0,1,"We’ve set up a newsroom panel to review requests to de-index, or remove from internet search engines, past coverage that meets certain criteria.",live
006,cleveland.com,A,digital,secondary_report,Advance Local,US,https://www.pressclubinstitute.org/2020/07/01/we-were-the-source-of-their-suffering-how-one-newsroom-lets-stories-be-forgotten/,sources_found,1 substantive excerpt(s) about the organization in run precedents-e5e960ee3e3a,Easterner evidence index v6,2652,2,0,4,"The idea — often called the right to be forgotten — has been part of a larger debate over how false, dated or damaging information can be removed from search engines.",live
007,Idaho Statesman,A,newspaper,own_publication,McClatchy,US,https://www.idahostatesman.com/news/local/crime/article265169681.html,not_found,0 substantive excerpt(s) about the organization in run precedents-e5e960ee3e3a,Easterner evidence index v6,2653,0,0,0,,
008,LehighValleyLive.com,A,digital,request_form,Advance Local,US,https://form.jotform.com/211624793262153,not_found,0 substantive excerpt(s) about the organization in run precedents-e5e960ee3e3a,Easterner evidence index v6,2654,0,0,0,,
009,Lexington Herald-Leader,A,newspaper,own_publication,McClatchy,US,https://www.kentucky.com/opinion/editorials/article250720789.html,sources_found,8 substantive excerpt(s) about the organization in run precedents-e5e960ee3e3a,Easterner evidence index v6,2655,1,1,6,"We also may take no action, depending on what we find and based on our editorial discretion.",archive
010,NBC 4 New York,A,broadcast,own_publication,NBCUniversal Local,US,https://www.nbcnewyork.com/news/local/nbc-4-new-york-news-standards-and-publishing-principles/4248399/,sources_found,6 substantive excerpt(s) about the organization in run precedents-e5e960ee3e3a,Easterner evidence index v6,2656,2,1,3,Digital Content Removal Policy We will consider removing content from our digital platforms on a case-by-case basis.,live
011,NBC 6 South Florida,A,broadcast,own_publication,NBCUniversal Local,US,https://www.nbcmiami.com/news/local/nbc-6-south-florida-news-standards-and-publishing-principles/3016084/,sources_found,6 substantive excerpt(s) about the organization in run precedents-e5e960ee3e3a,Easterner evidence index v6,2657,2,1,3,Digital Content Removal Policy We will consider removing content from our digital platforms on a case-by-case basis.,live
012,NBC 7 San Diego,A,broadcast,own_publication,NBCUniversal Local,US,https://www.nbcsandiego.com/news/local/nbc-san-diego-news-standards-and-publishing-principles/3217246/,sources_found,6 substantive excerpt(s) about the organization in run precedents-e5e960ee3e3a,Easterner evidence index v6,2658,2,1,3,Digital Content Removal Policy We will consider removing content from our digital platforms on a case-by-case basis.,live
013,NBC Bay Area,A,broadcast,own_publication,NBCUniversal Local,US,https://www.nbcbayarea.com/news/local/nbc-bay-area-news-standards-and-publishing-principles/3216064/,sources_found,6 substantive excerpt(s) about the organization in run precedents-e5e960ee3e3a,Easterner evidence index v6,2659,2,1,3,Digital Content Removal Policy We will consider removing content from our digital platforms on a case-by-case basis.,live
014,NBC Chicago,A,broadcast,own_publication,NBCUniversal Local,US,https://www.nbcchicago.com/news/local/nbc-chicago-news-standards-and-publishing-principles/3069505/,sources_found,6 substantive excerpt(s) about the organization in run precedents-e5e960ee3e3a,Easterner evidence index v6,2660,2,1,3,"Sep 28, 2022 [name withheld] 1, 2023 Watch NBC 5 Chicago news stream free, 24/7, wherever you are Digital Content Removal Policy We will consider removing content from our digital platforms on a case-by-case basis.",live
015,NBC Connecticut,A,broadcast,own_publication,NBCUniversal Local,US,https://www.nbcconnecticut.com/news/local/nbc-connecticut-news-standards-and-publishing-principles/3021868/,sources_found,6 substantive excerpt(s) about the organization in run precedents-e5e960ee3e3a,Easterner evidence index v6,2661,2,1,3,Digital Content Removal Policy We will consider removing content from our digital platforms on a case-by-case basis.,live
016,NBC DFW,A,broadcast,own_publication,NBCUniversal Local,US,https://www.nbcdfw.com/news/local/nbc-dfw-news-standards-and-publishing-principles/3245605/,sources_found,6 substantive excerpt(s) about the organization in run precedents-e5e960ee3e3a,Easterner evidence index v6,2662,2,1,3,Digital Content Removal Policy We will consider removing content from our digital platforms on a case-by-case basis.,live
017,NBC Los Angeles,A,broadcast,own_publication,NBCUniversal Local,US,https://www.nbclosangeles.com/news/local/nbc-los-angeles-news-standards-and-publishing-principles/3143345/,sources_found,6 substantive excerpt(s) about the organization in run precedents-e5e960ee3e3a,Easterner evidence index v6,2663,2,1,3,Digital Content Removal Policy We will consider removing content from our digital platforms on a case-by-case basis.,live
018,NBC Sports Boston,A,broadcast,group_standards,NBCUniversal Local,US,https://www.nbcboston.com/news/local/nbc10-boston-news-standards-and-publishing-principles/3023689/,sources_found,6 substantive excerpt(s) about the organization in run precedents-e5e960ee3e3a,Easterner evidence index v6,2664,2,1,3,Digital Content Removal Policy We will consider removing content from our digital platforms on a case-by-case basis.,live
019,NBC Sports Philadelphia,A,broadcast,group_standards,NBCUniversal Local,US,https://www.nbcphiladelphia.com/news/local/nbc10-philadelphia-news-standards-and-publishing-principles/3547162/,sources_found,6 substantive excerpt(s) about the organization in run precedents-e5e960ee3e3a,Easterner evidence index v6,2665,2,1,3,Digital Content Removal Policy We will consider removing content from our digital platforms on a case-by-case basis.,live
020,NBC10 Boston,A,broadcast,own_publication,NBCUniversal Local,US,https://www.nbcboston.com/news/local/nbc10-boston-news-standards-and-publishing-principles/3023689/,sources_found,6 substantive excerpt(s) about the organization in run precedents-e5e960ee3e3a,Easterner evidence index v6,2666,2,1,3,Digital Content Removal Policy We will consider removing content from our digital platforms on a case-by-case basis.,live
021,NBC10 Philadelphia,A,broadcast,own_publication,NBCUniversal Local,US,https://www.nbcphiladelphia.com/news/local/nbc10-philadelphia-news-standards-and-publishing-principles/3547162/,sources_found,6 substantive excerpt(s) about the organization in run precedents-e5e960ee3e3a,Easterner evidence index v6,2667,2,1,3,Digital Content Removal Policy We will consider removing content from our digital platforms on a case-by-case basis.,live
022,NBC4 Washington,A,broadcast,own_publication,NBCUniversal Local,US,https://www.nbcwashington.com/news/local/nbc4-washington-news-standards-and-publishing-principles/3337684/,sources_found,6 substantive excerpt(s) about the organization in run precedents-e5e960ee3e3a,Easterner evidence index v6,2668,2,1,3,Digital Content Removal Policy We will consider removing content from our digital platforms on a case-by-case basis.,live
023,NECN,A,broadcast,group_standards,NBCUniversal Local,US,https://www.nbcboston.com/news/local/nbc10-boston-news-standards-and-publishing-principles/3023689/,sources_found,6 substantive excerpt(s) about the organization in run precedents-e5e960ee3e3a,Easterner evidence index v6,2669,2,1,3,Digital Content Removal Policy We will consider removing content from our digital platforms on a case-by-case basis.,live
024,News4JAX / WJXT,A,broadcast,own_publication,,US,https://help.news4jax.com/kb/article/325-how-do-i-request-removal-of-a-news-article-from-news4jaxcom/,sources_found,6 substantive excerpt(s) about the organization in run precedents-e5e960ee3e3a,Easterner evidence index v6,2670,3,0,3,"Last updated: Mar 29, 2026 We consider article removal requests on a case-by-case basis.",live
025,NewsChannel 5 Nashville / WTVF,A,broadcast,own_publication,,US,https://www.newschannel5.com/news/newschannel-5-initiative-removes-old-articles-to-offer-you-a-fresh-start,sources_found,4 substantive excerpt(s) about the organization in run precedents-e5e960ee3e3a,Easterner evidence index v6,2671,4,0,0,News Actions Facebook Tweet Email NewsChannel 5 initiative removes old articles to offer you a 'Fresh Start' [name withheld] NewsChannel 5 has officially launched a “Fresh Start” so you can apply to remove your name from old articles and move forward with your lives.,live
026,NJ.com,A,digital,request_form,Advance Local,US,https://form.jotform.com/211624793262153,not_found,0 substantive excerpt(s) about the organization in run precedents-e5e960ee3e3a,Easterner evidence index v6,2672,0,0,0,,
027,OregonLive.com,A,digital,secondary_report,Advance Local,US,https://www.theguardian.com/us-news/2025/jan/04/newspaper-crime-stories,sources_found,3 substantive excerpt(s) about the organization in run precedents-e5e960ee3e3a,Easterner evidence index v6,2673,5,0,3,"It can remove a mugshot – a logical step after Oregon changed the law to limit the release of booking photos, with lawmakers recognizing their severe harm .",live
028,Telemundo 39,A,broadcast,group_standards,NBCUniversal Local,US,https://www.nbcdfw.com/news/local/nbc-dfw-news-standards-and-publishing-principles/3245605/,sources_found,6 substantive excerpt(s) about the organization in run precedents-e5e960ee3e3a,Easterner evidence index v6,2674,2,1,3,Digital Content Removal Policy We will consider removing content from our digital platforms on a case-by-case basis.,live
029,Telemundo 44,A,broadcast,group_standards,NBCUniversal Local,US,https://www.nbcwashington.com/news/local/nbc4-washington-news-standards-and-publishing-principles/3337684/,sources_found,6 substantive excerpt(s) about the organization in run precedents-e5e960ee3e3a,Easterner evidence index v6,2675,2,1,3,Digital Content Removal Policy We will consider removing content from our digital platforms on a case-by-case basis.,live
030,Telemundo 47,A,broadcast,group_standards,NBCUniversal Local,US,https://www.nbcnewyork.com/news/local/nbc-4-new-york-news-standards-and-publishing-principles/4248399/,sources_found,6 substantive excerpt(s) about the organization in run precedents-e5e960ee3e3a,Easterner evidence index v6,2676,2,1,3,Digital Content Removal Policy We will consider removing content from our digital platforms on a case-by-case basis.,live
031,Telemundo 52,A,broadcast,group_standards,NBCUniversal Local,US,https://www.nbclosangeles.com/news/local/nbc-los-angeles-news-standards-and-publishing-principles/3143345/,sources_found,6 substantive excerpt(s) about the organization in run precedents-e5e960ee3e3a,Easterner evidence index v6,2677,2,1,3,Digital Content Removal Policy We will consider removing content from our digital platforms on a case-by-case basis.,live
032,Telemundo 62,A,broadcast,group_standards,NBCUniversal Local,US,https://www.nbcphiladelphia.com/news/local/nbc10-philadelphia-news-standards-and-publishing-principles/3547162/,sources_found,6 substantive excerpt(s) about the organization in run precedents-e5e960ee3e3a,Easterner evidence index v6,2678,2,1,3,Digital Content Removal Policy We will consider removing content from our digital platforms on a case-by-case basis.,live
033,Telemundo Nueva Inglaterra,A,broadcast,group_standards,NBCUniversal Local,US,https://www.nbcboston.com/news/local/nbc10-boston-news-standards-and-publishing-principles/3023689/,sources_found,6 substantive excerpt(s) about the organization in run precedents-e5e960ee3e3a,Easterner evidence index v6,2679,2,1,3,Digital Content Removal Policy We will consider removing content from our digital platforms on a case-by-case basis.,live
034,Telemundo San Diego,A,broadcast,group_standards,NBCUniversal Local,US,https://www.nbcsandiego.com/news/local/nbc-san-diego-news-standards-and-publishing-principles/3217246/,sources_found,6 substantive excerpt(s) about the organization in run precedents-e5e960ee3e3a,Easterner evidence index v6,2680,2,1,3,Digital Content Removal Policy We will consider removing content from our digital platforms on a case-by-case basis.,live
035,The Boston Globe,A,newspaper,own_publication,Boston Globe Media,US,https://www.bostonglobe.com/2021/01/22/metro/globes-fresh-start-initiative-frequently-asked-questions/,sources_found,5 substantive excerpt(s) about the organization in run precedents-e5e960ee3e3a,Easterner evidence index v6,2681,2,0,3,We’re considering these on a case-by-case basis but we think the value of giving someone a fresh start often outweighs the historic value of keeping a story widely accessible long after an incident occurred.,live
036,The Oregonian,A,newspaper,secondary_report,Advance Local,US,https://www.theguardian.com/us-news/2025/jan/04/newspaper-crime-stories,sources_found,6 substantive excerpt(s) about the organization in run precedents-e5e960ee3e3a,Easterner evidence index v6,2682,5,0,3,"It can remove a mugshot – a logical step after Oregon changed the law to limit the release of booking photos, with lawmakers recognizing their severe harm .",live
037,The Philadelphia Inquirer,A,newspaper,own_publication,,US,https://www.inquirer.com/about/inq2/up-for-review-inquirer-policy-20230201.html,sources_found,8 substantive excerpt(s) about the organization in run precedents-e5e960ee3e3a,Easterner evidence index v6,2683,3,0,5,"In rare cases, we may take steps like removing an individual’s name, updating a story with new information, removing visual elements, or unpublishing a story.",live
038,The Plain Dealer,A,newspaper,secondary_report,Advance Local,US,https://www.pressclubinstitute.org/2020/07/01/we-were-the-source-of-their-suffering-how-one-newsroom-lets-stories-be-forgotten/,sources_found,1 substantive excerpt(s) about the organization in run precedents-e5e960ee3e3a,Easterner evidence index v6,2684,2,0,4,"The idea — often called the right to be forgotten — has been part of a larger debate over how false, dated or damaging information can be removed from search engines.",live
039,The Sacramento Bee,A,newspaper,own_publication,McClatchy,US,https://www.sacbee.com/news/local/article257776293.html,sources_found,2 substantive excerpt(s) about the organization in run precedents-e5e960ee3e3a,Easterner evidence index v6,2685,1,0,1,"The “Clean Slate” team will consider a range of options for addressing applicants’ cases — updating the story, deindexing the article from internet search engines or even removing the story from sacbee.com entirely.",archive
040,WCBU Peoria Public Radio,A,broadcast,own_publication,,US,https://www.wcbu.org/public-safety-reporting-policy,sources_found,6 substantive excerpt(s) about the organization in run precedents-e5e960ee3e3a,Easterner evidence index v6,2686,3,1,2,"When we consider takedown requests: If prosecutors drop previously filed charges If prosecutors never file charges following an arrest If someone is under threat of physical harm because of the existence of the story If the case has been expunged or sealed If the case has led to executive clemency There may also be situations in which fairness requires an existing story to be updated or follow-up coverage, rather than a story removal.",live
041,WGLT,A,broadcast,own_publication,,US,https://www.wglt.org/public-safety-reporting-policy,sources_found,6 substantive excerpt(s) about the organization in run precedents-e5e960ee3e3a,Easterner evidence index v6,2687,3,1,2,"When we consider takedown requests: If prosecutors drop previously filed charges If prosecutors never file charges following an arrest If someone is under threat of physical harm because of the existence of the story If the case has been expunged or sealed If the case has led to executive clemency There may also be situations in which fairness requires an existing story to be updated or follow-up coverage, rather than a story removal.",live
042,McClatchy,A,group,secondary_report,McClatchy,US,https://www.idahostatesman.com/news/local/crime/article265169681.html,not_found,0 substantive excerpt(s) about the organization in run precedents-e5e960ee3e3a,Easterner evidence index v6,2688,0,0,0,,
043,Annenberg Media (USC),A,student_college,own_publication,,US,https://www.uscannenbergmedia.com/2021/10/27/annenberg-media-introduces-new-policy-for-revisiting-published-stories/,sources_found,6 substantive excerpt(s) about the organization in run precedents-e5e960ee3e3a,Easterner evidence index v6,2689,2,0,4,"The newsroom’s top leaders had an honest conversation about when articles should be altered, edited or even removed.",live
044,Tahoma Times,A,scholastic,own_publication,,US,https://tahomatimes.github.io/ethical-journalism-at-the-tahoma-times/,sources_found,3 substantive excerpt(s) about the organization in run precedents-e5e960ee3e3a,Easterner evidence index v6,2690,2,0,1,Digital Content Removal Policy Our approach to content removal on digital platforms is considered on a case-by-case basis.,live
045,The Crest,A,scholastic,own_publication,,US,https://thecrest.news/unpublishing-policy/,sources_found,5 substantive excerpt(s) about the organization in run precedents-e5e960ee3e3a,Easterner evidence index v6,2691,3,0,2,"Therefore, The Crest will accept and consider requests to remove old content but will only remove content in extremely rare cases.",live
046,The Daily Tar Heel,A,student_college,secondary_report,,US,https://niemanreports.org/campus-newspapers-student-journalists-trump-editorial-policies-free-speech/,sources_found,1 substantive excerpt(s) about the organization in run precedents-e5e960ee3e3a,Easterner evidence index v6,2692,1,1,1,"The editors of The Exponent at Purdue University in Indiana have gone even further: They announced in February that they would remove all names, photos and identifying information of pro-Palestinian students from their published content.",archive
047,The Exponent,A,student_college,secondary_report,,US,https://niemanreports.org/campus-newspapers-student-journalists-trump-editorial-policies-free-speech/,sources_found,1 substantive excerpt(s) about the organization in run precedents-e5e960ee3e3a,Easterner evidence index v6,2693,1,1,1,"The editors of The Exponent at Purdue University in Indiana have gone even further: They announced in February that they would remove all names, photos and identifying information of pro-Palestinian students from their published content.",archive
048,The Gateway,A,student_college,own_publication,,CA,https://thegatewayonline.ca/gsjs/,not_found,0 substantive excerpt(s) about the organization in run precedents-e5e960ee3e3a,Easterner evidence index v6,2694,0,0,0,,
049,The Huntington News,A,student_college,secondary_report,,US,https://niemanreports.org/campus-newspapers-student-journalists-trump-editorial-policies-free-speech/,sources_found,1 substantive excerpt(s) about the organization in run precedents-e5e960ee3e3a,Easterner evidence index v6,2695,1,1,1,"The editors of The Exponent at Purdue University in Indiana have gone even further: They announced in February that they would remove all names, photos and identifying information of pro-Palestinian students from their published content.",archive
050,The Martlet,A,student_college,own_publication,,CA,https://martlet.ca/martlet.ca/uploads/2022/10/UnpublishingPolicy2022.pdf,sources_found,5 substantive excerpt(s) about the organization in run precedents-e5e960ee3e3a,Easterner evidence index v6,2696,3,2,0,Unpublishing Policy The Martlet sometimes receives requests to remove or unpublish our articles.,archive
051,The Michigan Daily,A,student_college,secondary_report,,US,https://niemanreports.org/campus-newspapers-student-journalists-trump-editorial-policies-free-speech/,sources_found,1 substantive excerpt(s) about the organization in run precedents-e5e960ee3e3a,Easterner evidence index v6,2697,1,1,1,"The editors of The Exponent at Purdue University in Indiana have gone even further: They announced in February that they would remove all names, photos and identifying information of pro-Palestinian students from their published content.",archive
052,The Stanford Daily,A,student_college,own_publication,,US,https://stanforddaily.com/2025/04/17/gsc-questions-the-daily-on-free-speech-policies-and-source-anonymity/,sources_found,1 substantive excerpt(s) about the organization in run precedents-e5e960ee3e3a,Easterner evidence index v6,2698,1,0,0,"Reich stated that The Daily, operating under the guidance of its board of directors and professional journalists, has adopted a case-by-case approach in considering requests to have names removed from previously published content.",live
053,The Whitworthian,A,student_college,own_publication,,US,https://thewhitworthian.news/policies/,sources_found,5 substantive excerpt(s) about the organization in run precedents-e5e960ee3e3a,Easterner evidence index v6,2699,1,1,3,UNPUBLISHING The Whitworthian reviews requests to “unpublish” stories from TheWhitworthian.news on a case-by-case basis.,live
054,Associated Collegiate Press,A,standards_org,secondary_report,,US,https://splc.org/2025/04/student-media-groups-warn-of-unprecedented-threats/,sources_found,1 substantive excerpt(s) about the organization in run precedents-e5e960ee3e3a,Easterner evidence index v6,2700,1,1,1,"Review Your Takedown/Anonymity Policies Consider easing some of the normal restrictions you may have applied to takedown requests, allowing those identified in certain stories that may now be targeted by immigration officials to retroactively remove or alter identifying information.",live
055,Chicago Headline Club,A,standards_org,own_publication,,US,https://headlineclub.org/2020/09/09/ethics-quiz-answers/,sources_found,3 substantive excerpt(s) about the organization in run precedents-e5e960ee3e3a,Easterner evidence index v6,2701,1,2,0,"A newspaper may choose to see if Google will assist these people, or may choose to cooperate with Google if Google decides to help these people.",archive
056,College Media Association,A,standards_org,secondary_report,,US,https://splc.org/2025/04/student-media-groups-warn-of-unprecedented-threats/,sources_found,1 substantive excerpt(s) about the organization in run precedents-e5e960ee3e3a,Easterner evidence index v6,2702,1,1,1,"Review Your Takedown/Anonymity Policies Consider easing some of the normal restrictions you may have applied to takedown requests, allowing those identified in certain stories that may now be targeted by immigration officials to retroactively remove or alter identifying information.",live
057,Donald W. Reynolds Journalism Institute,A,standards_org,own_publication,,US,https://rjionline.org/innovation/new-initiative-aims-to-help-journalists-address-the-unpublishing-dilemma/,sources_found,4 substantive excerpt(s) about the organization in run precedents-e5e960ee3e3a,Easterner evidence index v6,2703,3,0,1,"“Working together, I believe we can better address some of the most pressing challenges related to unpublishing and begin to move toward a set of very basic, yet flexible, industry practices.",live
058,Ethics AdviceLine for Journalists,A,standards_org,own_publication,,US,https://ethicsadvicelineforjournalists.org/2015/06/24/removing-negative-news/,sources_found,6 substantive excerpt(s) about the organization in run precedents-e5e960ee3e3a,Easterner evidence index v6,2704,2,1,3,"The paper may choose to see if Google will assist those people, but the paper has no obligation to bear great expense to help these people block access to information about them.",live
059,Journalism Education Association,A,standards_org,secondary_report,,US,https://splc.org/2025/04/student-media-groups-warn-of-unprecedented-threats/,sources_found,2 substantive excerpt(s) about the organization in run precedents-e5e960ee3e3a,Easterner evidence index v6,2705,1,1,1,"Review Your Takedown/Anonymity Policies Consider easing some of the normal restrictions you may have applied to takedown requests, allowing those identified in certain stories that may now be targeted by immigration officials to retroactively remove or alter identifying information.",live
060,National Press Club Journalism Institute,A,standards_org,own_publication,,US,https://www.pressclubinstitute.org/2020/07/01/we-were-the-source-of-their-suffering-how-one-newsroom-lets-stories-be-forgotten/,sources_found,6 substantive excerpt(s) about the organization in run precedents-e5e960ee3e3a,Easterner evidence index v6,2706,2,0,4,"The idea — often called the right to be forgotten — has been part of a larger debate over how false, dated or damaging information can be removed from search engines.",live
061,National Scholastic Press Association,A,standards_org,secondary_report,,US,https://splc.org/2025/04/student-media-groups-warn-of-unprecedented-threats/,sources_found,1 substantive excerpt(s) about the organization in run precedents-e5e960ee3e3a,Easterner evidence index v6,2707,1,1,1,"Review Your Takedown/Anonymity Policies Consider easing some of the normal restrictions you may have applied to takedown requests, allowing those identified in certain stories that may now be targeted by immigration officials to retroactively remove or alter identifying information.",live
062,News Leaders Association,A,standards_org,own_publication,,US,https://www.newsleaders.org/nla-updates/recap-crime-mugshot-and-takedown-requests,sources_found,12 substantive excerpt(s) about the organization in run precedents-e5e960ee3e3a,Easterner evidence index v6,2708,6,1,5,You can also anonymize that person’s name; update the old information; de-index/obscure it from Google search results; or add an editor’s note to existing content.,archive
063,Online News Association,A,standards_org,own_publication,,US,https://ethics.journalists.org/topics/removing-material-from-your-archives/,sources_found,22 substantive excerpt(s) about the organization in run precedents-e5e960ee3e3a,Easterner evidence index v6,2709,9,3,10,"If you have something such as a crime database that includes only people convicted of crimes, the item should be removed from the database.",live
064,Poynter Institute,A,standards_org,own_publication,,US,https://www.poynter.org/newsletters/2021/how-student-newsrooms-can-set-a-framework-for-requests-to-update-old-stories/,sources_found,4 substantive excerpt(s) about the organization in run precedents-e5e960ee3e3a,Easterner evidence index v6,2710,2,1,1,The Boston Globe made waves in the journalism world last week when it announced a new initiative : The newspaper will consider updating or anonymizing past crime stories based on appeals from story subjects.,archive
065,Quill & Scroll,A,standards_org,secondary_report,,US,https://splc.org/2025/04/student-media-groups-warn-of-unprecedented-threats/,sources_found,1 substantive excerpt(s) about the organization in run precedents-e5e960ee3e3a,Easterner evidence index v6,2711,1,1,1,"Review Your Takedown/Anonymity Policies Consider easing some of the normal restrictions you may have applied to takedown requests, allowing those identified in certain stories that may now be targeted by immigration officials to retroactively remove or alter identifying information.",live
066,Radio Television Digital News Association,A,standards_org,own_publication,,US,https://www.rtdna.org/covering-crime,sources_found,6 substantive excerpt(s) about the organization in run precedents-e5e960ee3e3a,Easterner evidence index v6,2712,2,0,4,"The committee could vote on each request and determine if the story needs to be removed entirely, deindexed, or should remain with an update.",live
067,Student Press Law Center,A,standards_org,own_publication,,US,https://splc.org/2025/04/student-media-groups-warn-of-unprecedented-threats/,sources_found,3 substantive excerpt(s) about the organization in run precedents-e5e960ee3e3a,Easterner evidence index v6,2713,1,1,1,"Review Your Takedown/Anonymity Policies Consider easing some of the normal restrictions you may have applied to takedown requests, allowing those identified in certain stories that may now be targeted by immigration officials to retroactively remove or alter identifying information.",live
068,University of Wisconsin-Madison journalism researchers / Journalism Practice,A,research,secondary_report,,US,https://www.tandfonline.com/doi/full/10.1080/17512786.2026.2705300,not_found,0 substantive excerpt(s) about the organization in run precedents-e5e960ee3e3a,Easterner evidence index v6,2714,0,0,0,,
069,Aspen Times,B,newspaper,secondary_report,Colorado Mountain News Media,US,https://dailycoloradonews.com/aspen-times-editorial-the-aspen-times-joins-the-right-to-be-forgotten-movement-in-its-coverage-of-crime-old-and-new/,sources_found,2 substantive excerpt(s) about the organization in run precedents-e5e960ee3e3a,Easterner evidence index v6,2715,4,1,1,"After filling out a form we have created and providing evidence of deletion, in many cases we will remove names and photos from the stories on our websites.",live
070,BBC,B,broadcast,own_publication,,GB,https://downloads.bbc.co.uk/guidelines/editorialguidelines/pdfs/2015-removal-online-content.pdf,sources_found,44 substantive excerpt(s) about the organization in run precedents-e5e960ee3e3a,Easterner evidence index v6,2716,23,10,11,"Under UK law, a requirement to amend or remove online content arises only in limited circumstances and the guidance in this note extends beyond the BBC’s legal responsibilities as a publisher.",live
071,Buckrail,B,digital,own_publication,,US,https://buckrail.com/ethics-policy/,sources_found,3 substantive excerpt(s) about the organization in run precedents-e5e960ee3e3a,Easterner evidence index v6,2717,1,0,2,"Take-down requests In an effort to minimize harm, Buckrail will consider take-down requests/unpublishing requests on a case-by-case basis.",live
072,Chattanooga Times Free Press,B,newspaper,secondary_report,,US,https://rjionline.org/best-practices/rji-fellowship-to-help-newsrooms-handle-unpublishing-requests-ethically-and-practically/,not_found,0 substantive excerpt(s) about the organization in run precedents-e5e960ee3e3a,Easterner evidence index v6,2718,0,0,0,,
073,Oakland Voices,B,digital,own_publication,,US,https://oaklandvoices.us/about/policies/correction/,sources_found,3 substantive excerpt(s) about the organization in run precedents-e5e960ee3e3a,Easterner evidence index v6,2719,1,0,2,"Removing a page from search-engine results is different from deleting it from Oakland Voices’ archive, and we may consider those options separately.",live
074,Petaluma Argus-Courier,B,newspaper,own_publication,,US,https://www.petaluma360.com/article/news/police-log-sept-27-to-oct-3/,not_found,0 substantive excerpt(s) about the organization in run precedents-e5e960ee3e3a,Easterner evidence index v6,2720,0,0,0,,
075,Pittsburgh Post-Gazette,B,newspaper,own_publication,,US,https://newsinteractive.post-gazette.com/stylebook/correction-policy.html,sources_found,14 substantive excerpt(s) about the organization in run precedents-e5e960ee3e3a,Easterner evidence index v6,2721,2,1,11,"EXAMPLES ----- Editor’s note: Here are two examples of an editor’s note that were posted on post-gazette.com, noting that content was removed.",live
076,San Diego Magazine,B,newspaper,own_publication,,US,https://sandiegomagazine.com/ethics-and-corrections/editorial-ethics-corrections-policy/,sources_found,3 substantive excerpt(s) about the organization in run precedents-e5e960ee3e3a,Easterner evidence index v6,2722,2,1,0,"Requests to update older stories for valid reasons (personal safety, a significant change in facts presented in the original article) are considered case by case by a senior editor.",live
077,San Diego Union-Tribune,B,newspaper,own_publication,,US,https://www.sandiegouniontribune.com/about/,sources_found,4 substantive excerpt(s) about the organization in run precedents-e5e960ee3e3a,Easterner evidence index v6,2723,1,2,1,"On a case-by-case basis, a committee of editors will review individual requests to remove, redact or de-index published content, considering whether circumstances have changed since publication.",live
078,Southeast Missourian,B,newspaper,secondary_report,,US,https://rjionline.org/procedures/a-streamlined-unpublishing-process-is-as-important-as-thoughtful-policy/,not_found,0 substantive excerpt(s) about the organization in run precedents-e5e960ee3e3a,Easterner evidence index v6,2724,0,0,0,,
079,The Gazette (Cedar Rapids),B,newspaper,secondary_report,,US,https://rjionline.org/procedures/a-streamlined-unpublishing-process-is-as-important-as-thoughtful-policy/,not_found,0 substantive excerpt(s) about the organization in run precedents-e5e960ee3e3a,Easterner evidence index v6,2725,0,0,0,,
080,Colorado Mountain News Media,B,group,secondary_report,Colorado Mountain News Media,US,https://dailycoloradonews.com/aspen-times-editorial-the-aspen-times-joins-the-right-to-be-forgotten-movement-in-its-coverage-of-crime-old-and-new/,not_found,0 substantive excerpt(s) about the organization in run precedents-e5e960ee3e3a,Easterner evidence index v6,2726,4,1,1,"After filling out a form we have created and providing evidence of deletion, in many cases we will remove names and photos from the stories on our websites.",live
081,Maine Trust for Local News,B,group,own_publication,,US,https://www.metln.org/metln-ethics-policies/,sources_found,17 substantive excerpt(s) about the organization in run precedents-e5e960ee3e3a,Easterner evidence index v6,2727,5,4,8,"However, we also recognize there may be rare and limited instances where circumstances justify taking down or removing an article.",live
082,Columbia Missourian,B,newspaper,secondary_report,,US,https://rjionline.org/fellowships/rji-fellows-reflect-on-eight-month-projects-what-theyve-learned-and-how-the-industry-can-benefit/,not_found,0 substantive excerpt(s) about the organization in run precedents-e5e960ee3e3a,Easterner evidence index v6,2728,0,0,0,,
083,KOMU-TV,B,broadcast,secondary_report,,US,https://rjionline.org/fellowships/rji-fellows-reflect-on-eight-month-projects-what-theyve-learned-and-how-the-industry-can-benefit/,not_found,0 substantive excerpt(s) about the organization in run precedents-e5e960ee3e3a,Easterner evidence index v6,2729,0,0,0,,
084,WUFT,B,broadcast,own_publication,,US,https://www.wuft.org/editorial-policies,sources_found,13 substantive excerpt(s) about the organization in run precedents-e5e960ee3e3a,Easterner evidence index v6,2730,5,1,7,"Alternatives to removal In some cases, WUFT may offer alternatives to removal or search engine deindexing: Updating the article to reflect the current status (e.g., charges dropped, rehabilitation, successful appeal).",live
085,CatlinSpeak,B,scholastic,secondary_report,,US,https://catlinspeak-configuration.squarespace.com/new-page,sources_found,5 substantive excerpt(s) about the organization in run precedents-e5e960ee3e3a,Easterner evidence index v6,2731,2,5,0,Unpublishing Unpublishing (removing an article from public view) is an extraordinary action and is rarely granted.,live
086,Columbia Daily Spectator,B,student_college,secondary_report,,US,https://niemanreports.org/campus-newspapers-student-journalists-trump-editorial-policies-free-speech/,not_found,0 substantive excerpt(s) about the organization in run precedents-e5e960ee3e3a,Easterner evidence index v6,2732,1,1,1,"The editors of The Exponent at Purdue University in Indiana have gone even further: They announced in February that they would remove all names, photos and identifying information of pro-Palestinian students from their published content.",archive
087,Daily Collegian,B,student_college,secondary_report,,US,https://www.imediaethics.org/should-campus-newspapers-delete-student-petty-crimes-stories-a-case-study-of-ten-college-newspapers/2/,not_found,0 substantive excerpt(s) about the organization in run precedents-e5e960ee3e3a,Easterner evidence index v6,2733,5,16,1,"For example, Witmer noted the newspaper has considered whether it would unpublish if information published online could “put someone in danger somehow.",live
088,eSomethin,B,scholastic,own_publication,,US,https://esomethin.com/about-us/policies/,sources_found,4 substantive excerpt(s) about the organization in run precedents-e5e960ee3e3a,Easterner evidence index v6,2734,2,2,0,They cannot be returned and will be published at eSomethin .com at the discretion of the editorial staff in consultation with the club adviser.,live
089,Grand Center Arts Academy student media,B,scholastic,secondary_report,,US,https://bradleywilsononline.net/wp-content/uploads/2020/08/Take-Down-Pages-from-53_1_f19_CJET.pdf,sources_found,4 substantive excerpt(s) about the organization in run precedents-e5e960ee3e3a,Easterner evidence index v6,2735,7,6,5,"“Among the key things to include in a takedown/corrections policy would be clear descriptions of the conditions under which the publication will consider altering or removing already pub- lished content and those when it will not,” Goodman said.",live
090,Indiana Daily Student,B,student_college,secondary_report,,US,https://www.imediaethics.org/should-campus-newspapers-delete-student-petty-crimes-stories-a-case-study-of-ten-college-newspapers/2/,sources_found,2 substantive excerpt(s) about the organization in run precedents-e5e960ee3e3a,Easterner evidence index v6,2736,5,16,1,"For example, Witmer noted the newspaper has considered whether it would unpublish if information published online could “put someone in danger somehow.",live
091,Marian Network Student Newspaper,B,scholastic,own_publication,,US,https://mariandigitalnetwork.com/2017/08/21/online-publication-policies/,sources_found,2 substantive excerpt(s) about the organization in run precedents-e5e960ee3e3a,Easterner evidence index v6,2737,1,1,0,"For these reasons, the editorial board will not take down past articles except in extraordinary circumstances.",live
092,Minnesota Daily,B,student_college,secondary_report,,US,https://www.imediaethics.org/should-campus-newspapers-delete-student-petty-crimes-stories-a-case-study-of-ten-college-newspapers/2/,not_found,0 substantive excerpt(s) about the organization in run precedents-e5e960ee3e3a,Easterner evidence index v6,2738,5,16,1,"For example, Witmer noted the newspaper has considered whether it would unpublish if information published online could “put someone in danger somehow.",live
093,The Carillon,B,student_college,own_publication,,CA,https://carillonregina.com/wp-content/uploads/2023/01/Unpublishing-Policy-2023.pdf,sources_found,9 substantive excerpt(s) about the organization in run precedents-e5e960ee3e3a,Easterner evidence index v6,2739,5,0,4,"If the editorial board determines that this is the best course of action, we will consider replacing their name with a pseudonym or removing their name and only identifying them by occupation should their occupation be obscure enough (e.g. “U of R President” would still be very easily identifiable).",live
094,The Commonwealth Times,B,student_college,own_publication,,US,https://commonwealthtimes.org/about-us/,not_found,0 substantive excerpt(s) about the organization in run precedents-e5e960ee3e3a,Easterner evidence index v6,2740,0,0,0,,
095,The Daily (University of Washington),B,student_college,secondary_report,,US,https://www.imediaethics.org/should-campus-newspapers-delete-student-petty-crimes-stories-a-case-study-of-ten-college-newspapers/2/,sources_found,7 substantive excerpt(s) about the organization in run precedents-e5e960ee3e3a,Easterner evidence index v6,2741,5,16,1,"For example, Witmer noted the newspaper has considered whether it would unpublish if information published online could “put someone in danger somehow.",live
096,The Daily Illini,B,student_college,secondary_report,,US,https://splc.org/2016/05/erasing-the-narrative/,sources_found,1 substantive excerpt(s) about the organization in run precedents-e5e960ee3e3a,Easterner evidence index v6,2742,6,4,8,"“I can’t see why if some company, some college, found an article about him when he was in high school [and] was a musician …. why anyone would want that taken down.",live
097,The Daily Iowan,B,student_college,secondary_report,,US,https://www.imediaethics.org/should-campus-newspapers-delete-student-petty-crimes-stories-a-case-study-of-ten-college-newspapers/,not_found,0 substantive excerpt(s) about the organization in run precedents-e5e960ee3e3a,Easterner evidence index v6,2743,0,0,0,,
098,The Daily Northwestern,B,student_college,secondary_report,,US,https://www.imediaethics.org/northwestern-student-newspaper-apologizes-for-photos-of-public-protest/,sources_found,1 substantive excerpt(s) about the organization in run precedents-e5e960ee3e3a,Easterner evidence index v6,2744,1,0,0,"Further, The Daily said it removed the name of a protester because Northwestern University doesn’t give “amnesty to student protesters” and it didn’t want to get the student in trouble.",live
099,The Daily Pennsylvanian,B,student_college,own_publication,,US,https://www.thedp.com/page/ethics-policy,sources_found,2 substantive excerpt(s) about the organization in run precedents-e5e960ee3e3a,Easterner evidence index v6,2745,1,0,1,TAKEDOWNS: Decisions to remove published articles are made at the discretion of the Board of Editors members of the relevant publication.,live
100,The Daily Texan,B,student_college,secondary_report,,US,https://www.imediaethics.org/should-campus-newspapers-delete-student-petty-crimes-stories-a-case-study-of-ten-college-newspapers/2/,sources_found,2 substantive excerpt(s) about the organization in run precedents-e5e960ee3e3a,Easterner evidence index v6,2746,5,16,1,"For example, Witmer noted the newspaper has considered whether it would unpublish if information published online could “put someone in danger somehow.",live
101,The Harvard Crimson,B,student_college,secondary_report,,US,https://www.cjr.org/analysis/student-journalists-censorship-protests-takedown-requests.php,not_found,0 substantive excerpt(s) about the organization in run precedents-e5e960ee3e3a,Easterner evidence index v6,2747,1,0,0,"On April 4, the Student Press Law Center, in conjunction with several other media rights groups, issued a new guidance that urged student newspapers to consider being more flexible about requests to remove content or identifying material from their stories.",archive
102,The Independent Florida Alligator,B,student_college,secondary_report,,US,https://www.imediaethics.org/should-campus-newspapers-delete-student-petty-crimes-stories-a-case-study-of-ten-college-newspapers/2/,sources_found,6 substantive excerpt(s) about the organization in run precedents-e5e960ee3e3a,Easterner evidence index v6,2748,5,16,2,"For example, Witmer noted the newspaper has considered whether it would unpublish if information published online could “put someone in danger somehow.",live
103,The Lantern,B,student_college,secondary_report,,US,https://www.imediaethics.org/should-campus-newspapers-delete-student-petty-crimes-stories-a-case-study-of-ten-college-newspapers/2/,sources_found,2 substantive excerpt(s) about the organization in run precedents-e5e960ee3e3a,Easterner evidence index v6,2749,5,16,2,"For example, Witmer noted the newspaper has considered whether it would unpublish if information published online could “put someone in danger somehow.",live
104,The Nevada Sagebrush,B,student_college,secondary_report,,US,https://splc.org/2016/05/erasing-the-narrative/,sources_found,3 substantive excerpt(s) about the organization in run precedents-e5e960ee3e3a,Easterner evidence index v6,2750,6,4,8,"“I can’t see why if some company, some college, found an article about him when he was in high school [and] was a musician …. why anyone would want that taken down.",live
105,The Oracle,B,student_college,secondary_report,,US,https://www.imediaethics.org/should-campus-newspapers-delete-student-petty-crimes-stories-a-case-study-of-ten-college-newspapers/2/,sources_found,1 substantive excerpt(s) about the organization in run precedents-e5e960ee3e3a,Easterner evidence index v6,2751,5,16,1,"For example, Witmer noted the newspaper has considered whether it would unpublish if information published online could “put someone in danger somehow.",live
106,The Paly Voice,B,scholastic,own_publication,,US,https://palyvoice.com/policies/,sources_found,10 substantive excerpt(s) about the organization in run precedents-e5e960ee3e3a,Easterner evidence index v6,2752,6,2,2,Sensitive or controversial interview content may be removed after the fact if the source has expressed a compelling and reasonable justification.,live
107,The Peak,B,student_college,own_publication,,CA,https://the-peak.ca/policy-2/,not_found,0 substantive excerpt(s) about the organization in run precedents-e5e960ee3e3a,Easterner evidence index v6,2753,0,0,0,,
108,The State News,B,student_college,secondary_report,,US,https://www.imediaethics.org/should-campus-newspapers-delete-student-petty-crimes-stories-a-case-study-of-ten-college-newspapers/2/,sources_found,2 substantive excerpt(s) about the organization in run precedents-e5e960ee3e3a,Easterner evidence index v6,2754,5,16,2,"For example, Witmer noted the newspaper has considered whether it would unpublish if information published online could “put someone in danger somehow.",live
109,The State Press,B,student_college,secondary_report,,US,https://www.imediaethics.org/should-campus-newspapers-delete-student-petty-crimes-stories-a-case-study-of-ten-college-newspapers/2/,sources_found,1 substantive excerpt(s) about the organization in run precedents-e5e960ee3e3a,Easterner evidence index v6,2755,5,16,1,"For example, Witmer noted the newspaper has considered whether it would unpublish if information published online could “put someone in danger somehow.",live
110,The Ubyssey,B,student_college,own_publication,,CA,https://ubyssey.ca/opinion/letter-from-the-editor-transparency-202122/,sources_found,2 substantive excerpt(s) about the organization in run precedents-e5e960ee3e3a,Easterner evidence index v6,2756,0,0,2,,
111,Washington Square News,B,student_college,secondary_report,,US,https://niemanreports.org/student-journalists-press-freedom-splc/,not_found,0 substantive excerpt(s) about the organization in run precedents-e5e960ee3e3a,Easterner evidence index v6,2757,0,0,0,,
112,Western Gazette,B,student_college,secondary_report,,CA,https://www.uwo.ca/univsec/pdf/board/minutes/2013/a13Apr25bg.pdf,not_found,0 substantive excerpt(s) about the organization in run precedents-e5e960ee3e3a,Easterner evidence index v6,2758,0,0,0,,
113,CSUSB Student Newspaper Digital Archive,B,research,secondary_report,,US,https://scholarworks.lib.csusb.edu/campus-newspaper/policies.html,not_found,0 substantive excerpt(s) about the organization in run precedents-e5e960ee3e3a,Easterner evidence index v6,2759,2,0,0,"We are committed to preserving the authenticity and integrity of the historical record, so all such requests will be reviewed carefully by library staff and removals will be determined on a case-by-case basis.",live
114,The Lumberjack / Cal Poly Humboldt student newspaper archive,B,research,secondary_report,,US,https://digitalcommons.humboldt.edu/studentnewspaper/,not_found,0 substantive excerpt(s) about the organization in run precedents-e5e960ee3e3a,Easterner evidence index v6,2760,0,0,0,,
115,Associated Press Managing Editors Online Credibility Project,B,standards_org,own_publication,,US,https://canadianmedialawyers.com/wp-content/uploads/2019/06/Kathy_English_-_The_Longtail_of_News_-_To_Unpublish_or_Not_to_Unpublish.pdf,sources_found,60 substantive excerpt(s) about the organization in run precedents-e5e960ee3e3a,Easterner evidence index v6,2761,33,17,10,"He or she can remove the concerning information, take the page down from the web entirely, or block Google from including the page in Google's index.",live
116,Canadian Association of Journalists,B,standards_org,own_publication,,CA,https://caj.ca/fr/the-ethics-of-unpublishing/,sources_found,28 substantive excerpt(s) about the organization in run precedents-e5e960ee3e3a,Easterner evidence index v6,2762,13,7,8,Those who approach the search engine to have content removed from search results are told that the information must be changed on the news site where it was published.,archive
117,Columbia Journalism Review,B,reporting_outlet,own_publication,,US,https://www.cjr.org/special_report/right-to-be-forgotten.php,sources_found,20 substantive excerpt(s) about the organization in run precedents-e5e960ee3e3a,Easterner evidence index v6,2763,7,3,10,"“Wherever possible, we will remove the original social media posts promoting the stories.",archive
118,Nieman Journalism Lab,B,reporting_outlet,own_publication,,US,https://www.niemanlab.org/2021/01/is-unpublishing-old-crime-stories-orwellian-or-empathetic-the-boston-globe-is-offering-past-story-subjects-a-fresh-start/,sources_found,14 substantive excerpt(s) about the organization in run precedents-e5e960ee3e3a,Easterner evidence index v6,2764,3,3,8,"Fewer mugshots, less naming and shaming: How editors in Cleveland are trying to build a more compassionate newsroom [name withheld] October 18, 2018 In 2018, we told you about how The Plain Dealer in Cleveland 1 was rethinking its practices: reducing its use of mugshots, not naming those arrested for minor crimes, and allowing people to request their information be removed from old stories in some cases.",archive
119,Nieman Reports,B,reporting_outlet,own_publication,,US,https://niemanreports.org/campus-newspapers-student-journalists-trump-editorial-policies-free-speech/,sources_found,3 substantive excerpt(s) about the organization in run precedents-e5e960ee3e3a,Easterner evidence index v6,2765,1,1,1,"The editors of The Exponent at Purdue University in Indiana have gone even further: They announced in February that they would remove all names, photos and identifying information of pro-Palestinian students from their published content.",archive
120,ONA Student Newsroom,B,standards_org,own_publication,,US,https://newsroom.journalists.org/2021/06/25/when-to-unpublish-everyone-is-entitled-to-a-fresh-start/,sources_found,7 substantive excerpt(s) about the organization in run precedents-e5e960ee3e3a,Easterner evidence index v6,2766,2,0,5,"As newsrooms continue exploring solutions for this ongoing issue, Lee says it’s important for the industry to foster conversations and share successes and shortcomings with other newsrooms that might be considering to unpublish too.",live
121,Society of Professional Journalists,B,standards_org,own_publication,,US,https://www.spj.org/spj-code-of-ethics/,not_found,0 substantive excerpt(s) about the organization in run precedents-e5e960ee3e3a,Easterner evidence index v6,2767,0,0,0,,
122,Trusting News,B,standards_org,own_publication,,US,https://trustingnews.org/trust-tip-41-have-a-clear-policy-about-unpublishing-stories/,not_found,0 substantive excerpt(s) about the organization in run precedents-e5e960ee3e3a,Easterner evidence index v6,2768,0,0,0,,
123,"Center for Media Engagement, University of Texas at Austin",B,research,own_publication,,US,https://mediaengagement.org/wp-content/uploads/2021/12/116-Unpublishing-the-News-Case-Study.pdf,sources_found,9 substantive excerpt(s) about the organization in run precedents-e5e960ee3e3a,Easterner evidence index v6,2769,4,0,5,"Some editors, for example, will opt to de-index the content in search engines so they cannot be found on Google but the original content remains on the news site.",archive
124,University of Florida College of Journalism and Communications,B,research,own_publication,,US,https://www.jou.ufl.edu/insights/truth-news/,sources_found,3 substantive excerpt(s) about the organization in run precedents-e5e960ee3e3a,Easterner evidence index v6,2770,1,1,1,"This framework says that unpublishing decisions should take into consideration the interest of the individual (in having the article removed to protect their safety, reputation and economic well-being) as well as the public (in having potentially important information available and accessible).",live
125,Christian Science Monitor,C,reporting_outlet,own_publication,,US,https://www.csmonitor.com/layout/set/amphtml/USA/Society/2021/0208/Papers-rethink-past-crime-reporting-Fresh-start-or-a-cover-up,sources_found,4 substantive excerpt(s) about the organization in run precedents-e5e960ee3e3a,Easterner evidence index v6,2771,2,0,2,The Globe is joining a small but growing number of news outlets that are considering requests from people to update or remove identifying details from stories that deal with lesser crimes or misdemeanors.,live
126,GBH / NPR,C,reporting_outlet,own_publication,,US,https://www.wgbh.org/news/national/2021-02-24/from-cleveland-to-boston-newsrooms-revisit-old-stories-to-offer-a-fresh-start,sources_found,7 substantive excerpt(s) about the organization in run precedents-e5e960ee3e3a,Easterner evidence index v6,2772,2,0,5,"For American news organizations, removing a published story is rare.",live
127,Reuters,C,wire,own_publication,,US,https://reutersagency.com/about/standards-values/,sources_found,5 substantive excerpt(s) about the organization in run precedents-e5e960ee3e3a,Easterner evidence index v6,2773,1,1,3,"Any requests for published or unpublished Reuters content, e.g., video, copies of stories, photographs or journalists’ notes or other background materials, from police, security forces, tribunals and the like or from lawyers or individuals involved in civil or criminal court proceedings should be referred to a senior editor who should alert the editorial legal team.",live
128,The Guardian,C,reporting_outlet,own_publication,,GB,https://www.theguardian.com/us-news/2025/jan/04/newspaper-crime-stories,sources_found,8 substantive excerpt(s) about the organization in run precedents-e5e960ee3e3a,Easterner evidence index v6,2774,5,0,3,"It can remove a mugshot – a logical step after Oregon changed the law to limit the release of booking photos, with lawmakers recognizing their severe harm .",live
129,The Washington Post,C,reporting_outlet,own_publication,,US,https://www.washingtonpost.com/lifestyle/media/old-arrest-boston-globe-fresh-start/2021/01/22/122cbd0c-5cd1-11eb-b8bd-ee36b1cd18bf_story.html,not_found,0 substantive excerpt(s) about the organization in run precedents-e5e960ee3e3a,Easterner evidence index v6,2775,0,0,0,,
130,Niles West News,C,scholastic,secondary_report,,US,https://splc.org/2016/05/erasing-the-narrative/,sources_found,2 substantive excerpt(s) about the organization in run precedents-e5e960ee3e3a,Easterner evidence index v6,2776,6,4,8,"“I can’t see why if some company, some college, found an article about him when he was in high school [and] was a musician …. why anyone would want that taken down.",live
S62,UCLA Daily Bruin,A,student_college,own_publication,,US,https://www.dailybruin.com/the-daily-bruin-community-guide,sources_found,10 substantive excerpt(s) about the organization in run precedents-e5e960ee3e3a,Easterner evidence index v6,2777,3,2,5,"Crime stories may be de-indexed in certain circumstances, meaning they would not show up in search results.",live
