source_name,source_type,url,coverage,role_in_methodology,notes
Institute for Nonprofit News / Find Your News,publisher_directory,https://findyournews.org/,North American nonprofit newsrooms,high-priority professional newsroom source,INN states the directory contains its member newsrooms and currently describes a network of hundreds of outlets
LION Publishers Current Members,publisher_directory,https://lionpublishers.com/members/,U.S. and Canadian independent local online publishers,high-priority professional newsroom source,Current-members page is updated frequently and embeds a member directory
National Newspaper Association,industry_association,https://nna.org/,community newspapers,professional newsroom expansion source,Use association/member sources where publicly accessible
America's Newspapers State Advocacy Coalition,press_association_directory,https://member.newspapers.org/state-advocacy.html,U.S. state press associations,state-level directory discovery source,Useful bridge to state association member directories
Newspaper Association Managers,press_association_network,https://www.nammembers.com/,state regional national newspaper associations,association discovery source,Use to identify current press associations and then member directories
Minnesota Newspaper Association State Associations,press_association_directory,https://mna.org/resources/state-newspaper-associations/,state newspaper associations,association discovery cross-check,Use as a cross-check rather than sole authority
Council of National Journalism Organizations,journalism_association_directory,https://journalismassociations.com/members/,national journalism associations,support/advice organization expansion source,Useful for national professional and specialty organization coverage
Associated Collegiate Press,student_media_network,https://studentpress.org/acp/,collegiate journalism members,student census validation source,Use to validate and augment IPEDS-based publication discovery
College Media Association,student_media_network,https://www.collegemedia.org/,college media advisers and programs,student census validation source,Use as a supplemental validation source
State/local press association member directories,publisher_directories,,state and local newspapers,professional newsroom expansion source,Import each association's member list separately and retain source provenance
FCC station data,broadcast_registry,https://www.fcc.gov/media/radio/public-and-broadcasting,broadcast licensees,broadcast universe scaffold,Licensing identifies stations but does not by itself establish an active newsroom
